Timestamp,IP,VisitorType
2025-07-23 19:13:49,24.106.113.227,visitor
2025-07-23 19:13:51,24.106.113.227,visitor
2025-07-23 19:13:54,24.106.113.227,visitor
2025-07-23 19:13:54,24.106.113.227,visitor
2025-07-23 19:14:16,24.106.113.227,visitor
2025-07-23 19:14:18,24.106.113.227,visitor
2025-07-23 19:14:26,24.106.113.227,visitor
2025-07-23 19:14:26,24.106.113.227,visitor
2025-07-23 19:14:54,24.106.113.227,visitor
2025-07-23 19:14:55,24.106.113.227,admin
2025-07-23 19:19:24,24.106.113.227,visitor
2025-07-23 19:19:26,24.106.113.227,visitor
2025-07-23 19:20:23.564543,172.20.6.92
2025-07-23 19:20:23,24.106.113.227,visitor
2025-07-23 19:23:00.038973,172.20.6.92
2025-07-23 19:23:00,24.106.113.227,visitor
2025-07-23 19:23:02.099699,172.20.6.92
2025-07-23 19:23:02,24.106.113.227,visitor
2025-07-23 19:23:02.995100,172.20.6.92
2025-07-23 19:23:03,24.106.113.227,visitor
2025-07-23 19:23:03.247798,172.20.6.92
2025-07-23 19:23:03,24.106.113.227,visitor
2025-07-23 19:23:19.626807,172.20.6.92
2025-07-23 19:23:19,24.106.113.227,visitor
2025-07-23 19:23:19.928782,172.20.6.92
2025-07-23 19:23:20,24.106.113.227,admin
